# ************************************************************
# Sequel Pro SQL dump
# Versión 4541
#
# http://www.sequelpro.com/
# https://github.com/sequelpro/sequelpro
#
# Host: 127.0.0.1 (MySQL 5.5.5-10.1.22-MariaDB)
# Base de datos: app_mi_concejal
# Tiempo de Generación: 2017-10-20 20:42:08 +0000
# ************************************************************


/*!40101 SET @OLD_CHARACTER_SET_CLIENT=@@CHARACTER_SET_CLIENT */;
/*!40101 SET @OLD_CHARACTER_SET_RESULTS=@@CHARACTER_SET_RESULTS */;
/*!40101 SET @OLD_COLLATION_CONNECTION=@@COLLATION_CONNECTION */;
/*!40101 SET NAMES utf8 */;
/*!40014 SET @OLD_FOREIGN_KEY_CHECKS=@@FOREIGN_KEY_CHECKS, FOREIGN_KEY_CHECKS=0 */;
/*!40101 SET @OLD_SQL_MODE=@@SQL_MODE, SQL_MODE='NO_AUTO_VALUE_ON_ZERO' */;
/*!40111 SET @OLD_SQL_NOTES=@@SQL_NOTES, SQL_NOTES=0 */;


# Volcado de tabla administrador
# ------------------------------------------------------------

DROP TABLE IF EXISTS `administrador`;

CREATE TABLE `administrador` (
  `id_user` int(11) unsigned NOT NULL,
  `id_ayuntamiento` int(11) unsigned NOT NULL,
  UNIQUE KEY `unique_administrador_user` (`id_user`),
  KEY `fk_a_u_id_ayuntmiento` (`id_ayuntamiento`),
  CONSTRAINT `fk_a_u_id_ayuntmiento` FOREIGN KEY (`id_ayuntamiento`) REFERENCES `ayuntamiento` (`id_ayuntamiento`) ON DELETE CASCADE ON UPDATE CASCADE,
  CONSTRAINT `fk_a_u_id_user` FOREIGN KEY (`id_user`) REFERENCES `users` (`id`) ON DELETE CASCADE ON UPDATE CASCADE
) ENGINE=InnoDB DEFAULT CHARSET=utf8;

LOCK TABLES `administrador` WRITE;
/*!40000 ALTER TABLE `administrador` DISABLE KEYS */;

INSERT INTO `administrador` (`id_user`, `id_ayuntamiento`)
VALUES
	(2,1),
	(4,2);

/*!40000 ALTER TABLE `administrador` ENABLE KEYS */;
UNLOCK TABLES;


# Volcado de tabla ayuntamiento
# ------------------------------------------------------------

DROP TABLE IF EXISTS `ayuntamiento`;

CREATE TABLE `ayuntamiento` (
  `id_ayuntamiento` int(11) unsigned NOT NULL AUTO_INCREMENT,
  `ayuntamiento` varchar(100) COLLATE utf8_unicode_ci NOT NULL DEFAULT '',
  `facebook` varchar(100) COLLATE utf8_unicode_ci DEFAULT NULL,
  `twitter` varchar(100) COLLATE utf8_unicode_ci DEFAULT NULL,
  PRIMARY KEY (`id_ayuntamiento`)
) ENGINE=InnoDB AUTO_INCREMENT=3 DEFAULT CHARSET=utf8 COLLATE=utf8_unicode_ci;

LOCK TABLES `ayuntamiento` WRITE;
/*!40000 ALTER TABLE `ayuntamiento` DISABLE KEYS */;

INSERT INTO `ayuntamiento` (`id_ayuntamiento`, `ayuntamiento`, `facebook`, `twitter`)
VALUES
	(1,'Ayuntamiento de Las Palmas de Gran Canaria','https://www.facebook.com/AyuntamientoLPGC','https://twitter.com/AyuntamientoLPA'),
	(2,'Ayuntamiento de Telde','','');

/*!40000 ALTER TABLE `ayuntamiento` ENABLE KEYS */;
UNLOCK TABLES;


# Volcado de tabla concejal
# ------------------------------------------------------------

DROP TABLE IF EXISTS `concejal`;

CREATE TABLE `concejal` (
  `id_concejal` int(11) unsigned NOT NULL AUTO_INCREMENT,
  `id_user` int(11) unsigned DEFAULT NULL,
  `vocal` tinyint(4) unsigned NOT NULL DEFAULT '0',
  `cargo` enum('GOBIERNO','OPOSICIÓN') COLLATE utf8_unicode_ci DEFAULT NULL,
  `id_distrito` int(11) unsigned DEFAULT NULL,
  `id_ayuntamiento` int(11) unsigned DEFAULT NULL,
  `id_partido_politico` int(11) unsigned DEFAULT NULL,
  PRIMARY KEY (`id_concejal`),
  UNIQUE KEY `unique_concejal_users` (`id_user`),
  KEY `fk_consejal_distrito` (`id_distrito`),
  KEY `fk_consejal_partido_politico` (`id_partido_politico`),
  CONSTRAINT `fk_concejal_distrito` FOREIGN KEY (`id_distrito`) REFERENCES `distrito` (`id_distrito`) ON DELETE SET NULL ON UPDATE CASCADE,
  CONSTRAINT `fk_concejal_users` FOREIGN KEY (`id_user`) REFERENCES `users` (`id`) ON DELETE CASCADE ON UPDATE CASCADE,
  CONSTRAINT `fk_consejal_partido_politico` FOREIGN KEY (`id_partido_politico`) REFERENCES `partido_politico` (`id_partido_politico`) ON DELETE SET NULL ON UPDATE CASCADE
) ENGINE=InnoDB AUTO_INCREMENT=2 DEFAULT CHARSET=utf8 COLLATE=utf8_unicode_ci;

LOCK TABLES `concejal` WRITE;
/*!40000 ALTER TABLE `concejal` DISABLE KEYS */;

INSERT INTO `concejal` (`id_concejal`, `id_user`, `vocal`, `cargo`, `id_distrito`, `id_ayuntamiento`, `id_partido_politico`)
VALUES
	(1,1,0,'GOBIERNO',NULL,1,1);

/*!40000 ALTER TABLE `concejal` ENABLE KEYS */;
UNLOCK TABLES;


# Volcado de tabla distrito
# ------------------------------------------------------------

DROP TABLE IF EXISTS `distrito`;

CREATE TABLE `distrito` (
  `id_distrito` int(11) unsigned NOT NULL AUTO_INCREMENT,
  `distrito` varchar(100) COLLATE utf8_unicode_ci NOT NULL DEFAULT '',
  `id_ayuntamiento` int(11) unsigned NOT NULL,
  PRIMARY KEY (`id_distrito`),
  KEY `fk_distrito_ayuntamiento` (`id_ayuntamiento`),
  CONSTRAINT `fk_distrito_ayuntamiento` FOREIGN KEY (`id_ayuntamiento`) REFERENCES `ayuntamiento` (`id_ayuntamiento`) ON DELETE CASCADE ON UPDATE CASCADE
) ENGINE=InnoDB AUTO_INCREMENT=6 DEFAULT CHARSET=utf8 COLLATE=utf8_unicode_ci;

LOCK TABLES `distrito` WRITE;
/*!40000 ALTER TABLE `distrito` DISABLE KEYS */;

INSERT INTO `distrito` (`id_distrito`, `distrito`, `id_ayuntamiento`)
VALUES
	(1,'Vegueta, Cono Sur y Tafira',1),
	(2,'Centro',1),
	(3,'Isleta-Puerto-Guanarteme',1),
	(4,'Ciudad Alta',1),
	(5,'Tamaraceite-San Lorenzo-Tenoya',1);

/*!40000 ALTER TABLE `distrito` ENABLE KEYS */;
UNLOCK TABLES;


# Volcado de tabla groups
# ------------------------------------------------------------

DROP TABLE IF EXISTS `groups`;

CREATE TABLE `groups` (
  `id` mediumint(8) unsigned NOT NULL AUTO_INCREMENT,
  `name` varchar(20) NOT NULL,
  `description` varchar(100) NOT NULL,
  PRIMARY KEY (`id`)
) ENGINE=InnoDB AUTO_INCREMENT=5 DEFAULT CHARSET=utf8;

LOCK TABLES `groups` WRITE;
/*!40000 ALTER TABLE `groups` DISABLE KEYS */;

INSERT INTO `groups` (`id`, `name`, `description`)
VALUES
	(1,'SUPERUSUARIO','SUPERUSUARIO'),
	(2,'ADMINISTRADOR','ADMINISTRADOR'),
	(3,'CONCEJAL','CONCEJAL'),
	(4,'USUARIO','USUARIO');

/*!40000 ALTER TABLE `groups` ENABLE KEYS */;
UNLOCK TABLES;


# Volcado de tabla login_attempts
# ------------------------------------------------------------

DROP TABLE IF EXISTS `login_attempts`;

CREATE TABLE `login_attempts` (
  `id` int(11) unsigned NOT NULL AUTO_INCREMENT,
  `ip_address` varchar(15) NOT NULL,
  `login` varchar(100) NOT NULL,
  `time` int(11) unsigned DEFAULT NULL,
  PRIMARY KEY (`id`)
) ENGINE=InnoDB DEFAULT CHARSET=utf8;



# Volcado de tabla menus
# ------------------------------------------------------------

DROP TABLE IF EXISTS `menus`;

CREATE TABLE `menus` (
  `id_menu` int(11) unsigned NOT NULL AUTO_INCREMENT,
  `parent` int(11) DEFAULT NULL,
  `name` varchar(50) NOT NULL,
  `icon` varchar(30) NOT NULL,
  `slug` varchar(50) NOT NULL,
  `number` int(11) NOT NULL,
  PRIMARY KEY (`id_menu`),
  KEY `parent` (`parent`)
) ENGINE=InnoDB AUTO_INCREMENT=7 DEFAULT CHARSET=utf8;

LOCK TABLES `menus` WRITE;
/*!40000 ALTER TABLE `menus` DISABLE KEYS */;

INSERT INTO `menus` (`id_menu`, `parent`, `name`, `icon`, `slug`, `number`)
VALUES
	(1,NULL,'Usuarios','','usuarios',1),
	(2,NULL,'Administradores','','administradores',2),
	(3,NULL,'Ayuntamientos','','ayuntamientos',3),
	(4,NULL,'Partidos políticos','','partidos_politicos',4),
	(5,NULL,'Concejales','','concejales',1),
	(6,NULL,'Distritos','','distritos',2);

/*!40000 ALTER TABLE `menus` ENABLE KEYS */;
UNLOCK TABLES;


# Volcado de tabla menus_groups
# ------------------------------------------------------------

DROP TABLE IF EXISTS `menus_groups`;

CREATE TABLE `menus_groups` (
  `id` int(11) unsigned NOT NULL AUTO_INCREMENT,
  `id_menu` int(11) unsigned NOT NULL,
  `group_id` mediumint(8) unsigned NOT NULL,
  PRIMARY KEY (`id`),
  KEY `fk_m_g_menus` (`id_menu`),
  KEY `fk_m_g_groups` (`group_id`),
  CONSTRAINT `fk_m_g_groups` FOREIGN KEY (`group_id`) REFERENCES `groups` (`id`) ON DELETE CASCADE ON UPDATE CASCADE,
  CONSTRAINT `fk_m_g_menus` FOREIGN KEY (`id_menu`) REFERENCES `menus` (`id_menu`) ON DELETE CASCADE ON UPDATE CASCADE
) ENGINE=InnoDB AUTO_INCREMENT=7 DEFAULT CHARSET=utf8;

LOCK TABLES `menus_groups` WRITE;
/*!40000 ALTER TABLE `menus_groups` DISABLE KEYS */;

INSERT INTO `menus_groups` (`id`, `id_menu`, `group_id`)
VALUES
	(1,1,1),
	(2,2,1),
	(3,3,1),
	(4,4,1),
	(5,5,2),
	(6,6,2);

/*!40000 ALTER TABLE `menus_groups` ENABLE KEYS */;
UNLOCK TABLES;


# Volcado de tabla partido_politico
# ------------------------------------------------------------

DROP TABLE IF EXISTS `partido_politico`;

CREATE TABLE `partido_politico` (
  `id_partido_politico` int(11) unsigned NOT NULL AUTO_INCREMENT,
  `partido_politico` varchar(100) COLLATE utf8_unicode_ci NOT NULL DEFAULT '',
  `acronimo` varchar(50) COLLATE utf8_unicode_ci DEFAULT '',
  `logotipo` varchar(100) COLLATE utf8_unicode_ci DEFAULT '',
  `color` varchar(10) COLLATE utf8_unicode_ci DEFAULT '',
  PRIMARY KEY (`id_partido_politico`)
) ENGINE=InnoDB AUTO_INCREMENT=7 DEFAULT CHARSET=utf8 COLLATE=utf8_unicode_ci;

LOCK TABLES `partido_politico` WRITE;
/*!40000 ALTER TABLE `partido_politico` DISABLE KEYS */;

INSERT INTO `partido_politico` (`id_partido_politico`, `partido_politico`, `acronimo`, `logotipo`, `color`)
VALUES
	(1,'Podemos',NULL,'8dafc0ab2ad3993bfcf04108c696c9d9.png','#5a205a'),
	(2,'Partido Socialista Obrero Español','PSOE','f27392ecf714bd45ecae4716dfd90eaa.png','#ff0000'),
	(3,'Nueva Canarias','NC',NULL,'#85BD42'),
	(4,'Unidos por Gran Canaria','UxGC',NULL,'#FDDC0D'),
	(5,'Partido Popular','PP','9e224de17ddb2d704f30bf146dafc321.png','#00a0df'),
	(6,'Ciudadanos','C\'s','9b4e5fe437fe57c48276b26fc0724da2.png','#eb6109');

/*!40000 ALTER TABLE `partido_politico` ENABLE KEYS */;
UNLOCK TABLES;


# Volcado de tabla sessions
# ------------------------------------------------------------

DROP TABLE IF EXISTS `sessions`;

CREATE TABLE `sessions` (
  `id` varchar(40) COLLATE utf8_unicode_ci NOT NULL,
  `ip_address` varchar(45) COLLATE utf8_unicode_ci NOT NULL,
  `timestamp` int(10) unsigned NOT NULL DEFAULT '0',
  `data` blob NOT NULL,
  PRIMARY KEY (`id`),
  KEY `ci_sessions_timestamp` (`timestamp`)
) ENGINE=MyISAM DEFAULT CHARSET=utf8 COLLATE=utf8_unicode_ci;

LOCK TABLES `sessions` WRITE;
/*!40000 ALTER TABLE `sessions` DISABLE KEYS */;

INSERT INTO `sessions` (`id`, `ip_address`, `timestamp`, `data`)
VALUES
	('2cfcef2c1e6119488436ac99ab6fac7dcd506442','::1',1496189071,X'5F5F63695F6C6173745F726567656E65726174657C693A313439363138393037313B6964656E746974797C733A32383A226C61735F70616C6D6173406170706D69636F6E63656A616C2E636F6D223B656D61696C7C733A32383A226C61735F70616C6D6173406170706D69636F6E63656A616C2E636F6D223B757365725F69647C733A313A2232223B6F6C645F6C6173745F6C6F67696E7C733A31303A2231343936313832373036223B6C6173745F636865636B7C693A313439363138333731393B69645F67726F75707C733A313A2232223B67726F75707C733A31333A2241444D494E4953545241444F52223B69645F6179756E74616D69656E746F7C733A313A2231223B6179756E74616D69656E746F7C733A34323A224179756E74616D69656E746F206465204C61732050616C6D6173206465204772616E2043616E61726961223B67726F75705F69647C733A313A2232223B'),
	('f198dda9f127e37eb9e114cf6acd35239e7c7f16','::1',1496188329,X'5F5F63695F6C6173745F726567656E65726174657C693A313439363138383332393B6964656E746974797C733A32383A226C61735F70616C6D6173406170706D69636F6E63656A616C2E636F6D223B656D61696C7C733A32383A226C61735F70616C6D6173406170706D69636F6E63656A616C2E636F6D223B757365725F69647C733A313A2232223B6F6C645F6C6173745F6C6F67696E7C733A31303A2231343936313832373036223B6C6173745F636865636B7C693A313439363138333731393B69645F67726F75707C733A313A2232223B67726F75707C733A31333A2241444D494E4953545241444F52223B69645F6179756E74616D69656E746F7C733A313A2231223B6179756E74616D69656E746F7C733A34323A224179756E74616D69656E746F206465204C61732050616C6D6173206465204772616E2043616E61726961223B67726F75705F69647C733A313A2232223B'),
	('26b3b2177c6968250544623aee95587eb573d20d','::1',1496189374,X'5F5F63695F6C6173745F726567656E65726174657C693A313439363138393337343B6964656E746974797C733A32383A226C61735F70616C6D6173406170706D69636F6E63656A616C2E636F6D223B656D61696C7C733A32383A226C61735F70616C6D6173406170706D69636F6E63656A616C2E636F6D223B757365725F69647C733A313A2232223B6F6C645F6C6173745F6C6F67696E7C733A31303A2231343936313832373036223B6C6173745F636865636B7C693A313439363138333731393B69645F67726F75707C733A313A2232223B67726F75707C733A31333A2241444D494E4953545241444F52223B69645F6179756E74616D69656E746F7C733A313A2231223B6179756E74616D69656E746F7C733A34323A224179756E74616D69656E746F206465204C61732050616C6D6173206465204772616E2043616E61726961223B67726F75705F69647C733A313A2232223B'),
	('3b59fdf625abe48418f19219c2845afef1e78f1f','::1',1496189828,X'5F5F63695F6C6173745F726567656E65726174657C693A313439363138393738313B6964656E746974797C733A32333A2274656C6465406170706D69636F6E63656A616C2E636F6D223B656D61696C7C733A32333A2274656C6465406170706D69636F6E63656A616C2E636F6D223B757365725F69647C733A313A2234223B6F6C645F6C6173745F6C6F67696E7C733A31303A2231343936313839363639223B6C6173745F636865636B7C693A313439363138393739313B69645F67726F75707C733A313A2232223B67726F75707C733A31333A2241444D494E4953545241444F52223B69645F6179756E74616D69656E746F7C733A313A2232223B6179756E74616D69656E746F7C733A32313A224179756E74616D69656E746F2064652054656C6465223B67726F75705F69647C733A313A2232223B'),
	('6040505b6454d5fbf3d6d4c2a1d5ca1de68f1ddd','::1',1508525580,X'5F5F63695F6C6173745F726567656E65726174657C693A313530383532353538303B6964656E746974797C733A32343A226D61726C6F6E406170706D69636F6E63656A616C2E636F6D223B656D61696C7C733A32343A226D61726C6F6E406170706D69636F6E63656A616C2E636F6D223B757365725F69647C733A313A2233223B6F6C645F6C6173745F6C6F67696E7C733A31303A2231343936313738313437223B6C6173745F636865636B7C693A313530383532353530303B69645F67726F75707C733A313A2231223B67726F75707C733A31323A2253555045525553554152494F223B67726F75705F69647C733A313A2231223B'),
	('6f265fb01be8bf7ec69af44a99eb1feb50fb4934','::1',1508527385,X'5F5F63695F6C6173745F726567656E65726174657C693A313530383532373338353B6964656E746974797C733A32383A226C61735F70616C6D6173406170706D69636F6E63656A616C2E636F6D223B656D61696C7C733A32383A226C61735F70616C6D6173406170706D69636F6E63656A616C2E636F6D223B757365725F69647C733A313A2232223B6F6C645F6C6173745F6C6F67696E7C733A31303A2231343936313839373433223B6C6173745F636865636B7C693A313530383532353835333B69645F67726F75707C733A313A2232223B67726F75707C733A31333A2241444D494E4953545241444F52223B69645F6179756E74616D69656E746F7C733A313A2231223B6179756E74616D69656E746F7C733A34323A224179756E74616D69656E746F206465204C61732050616C6D6173206465204772616E2043616E61726961223B67726F75705F69647C733A313A2232223B'),
	('b3277c76a9a793247624bd81119d12d0adeda674','::1',1508527990,X'5F5F63695F6C6173745F726567656E65726174657C693A313530383532373935343B6964656E746974797C733A32383A226C61735F70616C6D6173406170706D69636F6E63656A616C2E636F6D223B656D61696C7C733A32383A226C61735F70616C6D6173406170706D69636F6E63656A616C2E636F6D223B757365725F69647C733A313A2232223B6F6C645F6C6173745F6C6F67696E7C733A31303A2231353038353235383533223B6C6173745F636865636B7C693A313530383532373530313B69645F67726F75707C733A313A2232223B67726F75707C733A31333A2241444D494E4953545241444F52223B69645F6179756E74616D69656E746F7C733A313A2231223B6179756E74616D69656E746F7C733A34323A224179756E74616D69656E746F206465204C61732050616C6D6173206465204772616E2043616E61726961223B67726F75705F69647C733A313A2232223B'),
	('473bcbe069d2f9be12c0ef04a63ebe750617433e','::1',1496188682,X'5F5F63695F6C6173745F726567656E65726174657C693A313439363138383638323B6964656E746974797C733A32383A226C61735F70616C6D6173406170706D69636F6E63656A616C2E636F6D223B656D61696C7C733A32383A226C61735F70616C6D6173406170706D69636F6E63656A616C2E636F6D223B757365725F69647C733A313A2232223B6F6C645F6C6173745F6C6F67696E7C733A31303A2231343936313832373036223B6C6173745F636865636B7C693A313439363138333731393B69645F67726F75707C733A313A2232223B67726F75707C733A31333A2241444D494E4953545241444F52223B69645F6179756E74616D69656E746F7C733A313A2231223B6179756E74616D69656E746F7C733A34323A224179756E74616D69656E746F206465204C61732050616C6D6173206465204772616E2043616E61726961223B67726F75705F69647C733A313A2232223B'),
	('8ac1dc5f4a674f4020db691541003e262470e2e1','::1',1496188016,X'5F5F63695F6C6173745F726567656E65726174657C693A313439363138383031363B6964656E746974797C733A32383A226C61735F70616C6D6173406170706D69636F6E63656A616C2E636F6D223B656D61696C7C733A32383A226C61735F70616C6D6173406170706D69636F6E63656A616C2E636F6D223B757365725F69647C733A313A2232223B6F6C645F6C6173745F6C6F67696E7C733A31303A2231343936313832373036223B6C6173745F636865636B7C693A313439363138333731393B69645F67726F75707C733A313A2232223B67726F75707C733A31333A2241444D494E4953545241444F52223B69645F6179756E74616D69656E746F7C733A313A2231223B6179756E74616D69656E746F7C733A34323A224179756E74616D69656E746F206465204C61732050616C6D6173206465204772616E2043616E61726961223B67726F75705F69647C733A313A2232223B'),
	('0a2d0c6056df45e65ba5b6fa3c1cd8298ac39372','::1',1496183041,X'5F5F63695F6C6173745F726567656E65726174657C693A313439363138333034313B6964656E746974797C733A32383A226C61735F70616C6D6173406170706D69636F6E63656A616C2E636F6D223B656D61696C7C733A32383A226C61735F70616C6D6173406170706D69636F6E63656A616C2E636F6D223B757365725F69647C733A313A2232223B6F6C645F6C6173745F6C6F67696E7C733A31303A2231343936313831373438223B6C6173745F636865636B7C693A313439363138323730363B69645F67726F75707C733A313A2232223B67726F75707C733A31333A2241444D494E4953545241444F52223B69645F6179756E74616D69656E746F7C733A313A2231223B6179756E74616D69656E746F7C733A34323A224179756E74616D69656E746F206465204C61732050616C6D6173206465204772616E2043616E61726961223B67726F75705F69647C733A313A2232223B'),
	('ae3acc94bffb6a649f56046c0edae9771e18eaac','::1',1496183384,X'5F5F63695F6C6173745F726567656E65726174657C693A313439363138333338343B6964656E746974797C733A32383A226C61735F70616C6D6173406170706D69636F6E63656A616C2E636F6D223B656D61696C7C733A32383A226C61735F70616C6D6173406170706D69636F6E63656A616C2E636F6D223B757365725F69647C733A313A2232223B6F6C645F6C6173745F6C6F67696E7C733A31303A2231343936313831373438223B6C6173745F636865636B7C693A313439363138323730363B69645F67726F75707C733A313A2232223B67726F75707C733A31333A2241444D494E4953545241444F52223B69645F6179756E74616D69656E746F7C733A313A2231223B6179756E74616D69656E746F7C733A34323A224179756E74616D69656E746F206465204C61732050616C6D6173206465204772616E2043616E61726961223B67726F75705F69647C733A313A2232223B'),
	('251e6b391797d947229b5d663e303c2c4e28e63d','::1',1496186379,X'5F5F63695F6C6173745F726567656E65726174657C693A313439363138363337393B6964656E746974797C733A32383A226C61735F70616C6D6173406170706D69636F6E63656A616C2E636F6D223B656D61696C7C733A32383A226C61735F70616C6D6173406170706D69636F6E63656A616C2E636F6D223B757365725F69647C733A313A2232223B6F6C645F6C6173745F6C6F67696E7C733A31303A2231343936313832373036223B6C6173745F636865636B7C693A313439363138333731393B69645F67726F75707C733A313A2232223B67726F75707C733A31333A2241444D494E4953545241444F52223B69645F6179756E74616D69656E746F7C733A313A2231223B6179756E74616D69656E746F7C733A34323A224179756E74616D69656E746F206465204C61732050616C6D6173206465204772616E2043616E61726961223B67726F75705F69647C733A313A2232223B'),
	('40b49357eaa304794f5c0e10ed8c726c6d4f96d8','::1',1496186695,X'5F5F63695F6C6173745F726567656E65726174657C693A313439363138363639353B6964656E746974797C733A32383A226C61735F70616C6D6173406170706D69636F6E63656A616C2E636F6D223B656D61696C7C733A32383A226C61735F70616C6D6173406170706D69636F6E63656A616C2E636F6D223B757365725F69647C733A313A2232223B6F6C645F6C6173745F6C6F67696E7C733A31303A2231343936313832373036223B6C6173745F636865636B7C693A313439363138333731393B69645F67726F75707C733A313A2232223B67726F75707C733A31333A2241444D494E4953545241444F52223B69645F6179756E74616D69656E746F7C733A313A2231223B6179756E74616D69656E746F7C733A34323A224179756E74616D69656E746F206465204C61732050616C6D6173206465204772616E2043616E61726961223B67726F75705F69647C733A313A2232223B'),
	('eedef086d133b82d47669d4053564d13db3b9b14','::1',1496187026,X'5F5F63695F6C6173745F726567656E65726174657C693A313439363138373032363B6964656E746974797C733A32383A226C61735F70616C6D6173406170706D69636F6E63656A616C2E636F6D223B656D61696C7C733A32383A226C61735F70616C6D6173406170706D69636F6E63656A616C2E636F6D223B757365725F69647C733A313A2232223B6F6C645F6C6173745F6C6F67696E7C733A31303A2231343936313832373036223B6C6173745F636865636B7C693A313439363138333731393B69645F67726F75707C733A313A2232223B67726F75707C733A31333A2241444D494E4953545241444F52223B69645F6179756E74616D69656E746F7C733A313A2231223B6179756E74616D69656E746F7C733A34323A224179756E74616D69656E746F206465204C61732050616C6D6173206465204772616E2043616E61726961223B67726F75705F69647C733A313A2232223B'),
	('7f894adc068561c243bc57be33b03df7c0c687d0','::1',1496187368,X'5F5F63695F6C6173745F726567656E65726174657C693A313439363138373336383B6964656E746974797C733A32383A226C61735F70616C6D6173406170706D69636F6E63656A616C2E636F6D223B656D61696C7C733A32383A226C61735F70616C6D6173406170706D69636F6E63656A616C2E636F6D223B757365725F69647C733A313A2232223B6F6C645F6C6173745F6C6F67696E7C733A31303A2231343936313832373036223B6C6173745F636865636B7C693A313439363138333731393B69645F67726F75707C733A313A2232223B67726F75707C733A31333A2241444D494E4953545241444F52223B69645F6179756E74616D69656E746F7C733A313A2231223B6179756E74616D69656E746F7C733A34323A224179756E74616D69656E746F206465204C61732050616C6D6173206465204772616E2043616E61726961223B67726F75705F69647C733A313A2232223B'),
	('c086263a6142e6c76250c47e70af81aa9fcc9ce5','::1',1496187669,X'5F5F63695F6C6173745F726567656E65726174657C693A313439363138373636393B6964656E746974797C733A32383A226C61735F70616C6D6173406170706D69636F6E63656A616C2E636F6D223B656D61696C7C733A32383A226C61735F70616C6D6173406170706D69636F6E63656A616C2E636F6D223B757365725F69647C733A313A2232223B6F6C645F6C6173745F6C6F67696E7C733A31303A2231343936313832373036223B6C6173745F636865636B7C693A313439363138333731393B69645F67726F75707C733A313A2232223B67726F75707C733A31333A2241444D494E4953545241444F52223B69645F6179756E74616D69656E746F7C733A313A2231223B6179756E74616D69656E746F7C733A34323A224179756E74616D69656E746F206465204C61732050616C6D6173206465204772616E2043616E61726961223B67726F75705F69647C733A313A2232223B'),
	('2e683ae661b9ad38e85e92eec52c5e918b25b9d6','::1',1508527954,X'5F5F63695F6C6173745F726567656E65726174657C693A313530383532373935343B6964656E746974797C733A32383A226C61735F70616C6D6173406170706D69636F6E63656A616C2E636F6D223B656D61696C7C733A32383A226C61735F70616C6D6173406170706D69636F6E63656A616C2E636F6D223B757365725F69647C733A313A2232223B6F6C645F6C6173745F6C6F67696E7C733A31303A2231353038353235383533223B6C6173745F636865636B7C693A313530383532373530313B69645F67726F75707C733A313A2232223B67726F75707C733A31333A2241444D494E4953545241444F52223B69645F6179756E74616D69656E746F7C733A313A2231223B6179756E74616D69656E746F7C733A34323A224179756E74616D69656E746F206465204C61732050616C6D6173206465204772616E2043616E61726961223B67726F75705F69647C733A313A2232223B'),
	('cc1ee53bc76f62780a67264698f0c2830bee818b','::1',1496182675,X'5F5F63695F6C6173745F726567656E65726174657C693A313439363138323637353B6964656E746974797C733A32333A2274656C6465406170706D69636F6E63656A616C2E636F6D223B656D61696C7C733A32333A2274656C6465406170706D69636F6E63656A616C2E636F6D223B757365725F69647C733A313A2234223B6F6C645F6C6173745F6C6F67696E7C733A31303A2231343936313831343338223B6C6173745F636865636B7C693A313439363138323336353B69645F67726F75707C733A313A2232223B67726F75707C733A31333A2241444D494E4953545241444F52223B69645F6179756E74616D69656E746F7C733A313A2232223B6179756E74616D69656E746F7C733A32313A224179756E74616D69656E746F2064652054656C6465223B67726F75705F69647C733A313A2232223B');

/*!40000 ALTER TABLE `sessions` ENABLE KEYS */;
UNLOCK TABLES;


# Volcado de tabla users
# ------------------------------------------------------------

DROP TABLE IF EXISTS `users`;

CREATE TABLE `users` (
  `id` int(11) unsigned NOT NULL AUTO_INCREMENT,
  `ip_address` varchar(45) NOT NULL,
  `username` varchar(100) DEFAULT NULL,
  `password` varchar(255) NOT NULL,
  `salt` varchar(255) DEFAULT NULL,
  `email` varchar(100) NOT NULL,
  `activation_code` varchar(40) DEFAULT NULL,
  `forgotten_password_code` varchar(40) DEFAULT NULL,
  `forgotten_password_time` int(11) unsigned DEFAULT NULL,
  `remember_code` varchar(40) DEFAULT NULL,
  `created_on` int(11) unsigned NOT NULL,
  `last_login` int(11) unsigned DEFAULT NULL,
  `active` tinyint(1) unsigned DEFAULT NULL,
  `first_name` varchar(50) DEFAULT NULL,
  `last_name` varchar(50) DEFAULT NULL,
  `company` varchar(100) DEFAULT NULL,
  `phone` varchar(20) DEFAULT NULL,
  PRIMARY KEY (`id`)
) ENGINE=InnoDB AUTO_INCREMENT=6 DEFAULT CHARSET=utf8;

LOCK TABLES `users` WRITE;
/*!40000 ALTER TABLE `users` DISABLE KEYS */;

INSERT INTO `users` (`id`, `ip_address`, `username`, `password`, `salt`, `email`, `activation_code`, `forgotten_password_code`, `forgotten_password_time`, `remember_code`, `created_on`, `last_login`, `active`, `first_name`, `last_name`, `company`, `phone`)
VALUES
	(1,'127.0.0.1','administrator','$2a$07$SeBknntpZror9uyftVopmu61qg0ms8Qv1yV6FG.kQOSM.9QhmTo36','','concejal1@appmiconcejal.com','',NULL,NULL,NULL,1496189477,1496085577,1,'Concejal1','Concejal1','ADMIN',''),
	(2,'',NULL,'$2y$08$HNa8dNr5ofhROc/jQ0dnqetoC.1mP/NKV453RN1WhAfIh/7esZl8O',NULL,'las_palmas@appmiconcejal.com',NULL,NULL,NULL,NULL,1496003383,1508527501,1,'Administrador','Las Palmas',NULL,'928928928'),
	(3,'',NULL,'$2y$08$ASoKkB5A1nz.OJfUjEzVIuHCRk/wKyGIyeONjlNmX6TK06ZmmSXwG',NULL,'marlon@appmiconcejal.com',NULL,NULL,NULL,NULL,1496086252,1508527401,1,'Marlon','Fernandez',NULL,''),
	(4,'',NULL,'$2y$08$amK7lUkWZmMjuUylsYpkA.r68woICASaKrRWK1cBimX2bnu52Uprm',NULL,'telde@appmiconcejal.com',NULL,NULL,NULL,NULL,1496086569,1496189791,1,'Administrador','Telde',NULL,''),
	(5,'',NULL,'$2y$08$n2c4qE3aCPnH79KyIzjAeu/JUFQAmWFa6Z/waqLu2D2Z8zPq3bHOu',NULL,'concejal1@appmiconcejal.com',NULL,NULL,NULL,NULL,1496182298,1508527394,1,'Concejal1','Concejal1',NULL,'');

/*!40000 ALTER TABLE `users` ENABLE KEYS */;
UNLOCK TABLES;


# Volcado de tabla users_groups
# ------------------------------------------------------------

DROP TABLE IF EXISTS `users_groups`;

CREATE TABLE `users_groups` (
  `id` int(11) unsigned NOT NULL AUTO_INCREMENT,
  `user_id` int(11) unsigned NOT NULL,
  `group_id` mediumint(8) unsigned NOT NULL,
  PRIMARY KEY (`id`),
  UNIQUE KEY `uc_users_groups` (`user_id`,`group_id`),
  KEY `fk_users_groups_users1_idx` (`user_id`),
  KEY `fk_users_groups_groups1_idx` (`group_id`),
  CONSTRAINT `fk_users_groups_groups` FOREIGN KEY (`group_id`) REFERENCES `groups` (`id`) ON DELETE CASCADE ON UPDATE CASCADE,
  CONSTRAINT `fk_users_groups_users` FOREIGN KEY (`user_id`) REFERENCES `users` (`id`) ON DELETE CASCADE ON UPDATE CASCADE
) ENGINE=InnoDB AUTO_INCREMENT=5 DEFAULT CHARSET=utf8;

LOCK TABLES `users_groups` WRITE;
/*!40000 ALTER TABLE `users_groups` DISABLE KEYS */;

INSERT INTO `users_groups` (`id`, `user_id`, `group_id`)
VALUES
	(1,1,1),
	(2,2,2),
	(3,3,1),
	(4,4,2);

/*!40000 ALTER TABLE `users_groups` ENABLE KEYS */;
UNLOCK TABLES;



/*!40111 SET SQL_NOTES=@OLD_SQL_NOTES */;
/*!40101 SET SQL_MODE=@OLD_SQL_MODE */;
/*!40014 SET FOREIGN_KEY_CHECKS=@OLD_FOREIGN_KEY_CHECKS */;
/*!40101 SET CHARACTER_SET_CLIENT=@OLD_CHARACTER_SET_CLIENT */;
/*!40101 SET CHARACTER_SET_RESULTS=@OLD_CHARACTER_SET_RESULTS */;
/*!40101 SET COLLATION_CONNECTION=@OLD_COLLATION_CONNECTION */;
